Model,Accuracy
Speech Model,99.76190476190476
Text Model,14.285714285714285
Fusion Model,99.52380952380952
